id,dimensions_small,dimensions_large,steps,steps_to_keep,rule,bundle_size,n_trails,experiment_desc,neg_mean,neg_std,pos_mean,pos_std,timestamp
0,128,512,3,4,1,5,1000,concatenating previous CA expansion,0.7319118129711055,0.0390885229921482,0.80552578125,0.0359669645771443,2023-10-11 11:34:52.290603
1,128,512,3,4,2,5,1000,concatenating previous CA expansion,0.7727493777481156,0.0203488962737455,0.830705078125,0.0196879223006233,2023-10-11 11:35:23.461770
2,128,512,3,4,3,5,1000,concatenating previous CA expansion,0.6105024144158292,0.0403600031319919,0.73671015625,0.0378937730570475,2023-10-11 11:35:56.059651
3,128,512,3,4,4,5,1000,concatenating previous CA expansion,0.7710412452889447,0.0257404639685306,0.830746875,0.0245446788980225,2023-10-11 11:36:24.048721
4,128,512,3,4,5,5,1000,concatenating previous CA expansion,0.6122557710427136,0.0397967909349649,0.73778828125,0.0372994256678486,2023-10-11 11:36:52.377540
5,128,512,3,4,6,5,1000,concatenating previous CA expansion,0.6539770316425879,0.0269134596381844,0.757669140625,0.0252777246864888,2023-10-11 11:37:20.569099
6,128,512,3,4,7,5,1000,concatenating previous CA expansion,0.528070663866206,0.0435445543708486,0.698755859375,0.0407094989142505,2023-10-11 11:37:53.585761
7,128,512,3,4,8,5,1000,concatenating previous CA expansion,0.840463132066583,0.0125680348944076,0.89149609375,0.0121460325945588,2023-10-11 11:38:23.434165
8,128,512,3,4,9,5,1000,concatenating previous CA expansion,0.5711920127983668,0.0274275657674974,0.718993359375,0.0268545720617346,2023-10-11 11:38:56.153050
9,128,512,3,4,10,5,1000,concatenating previous CA expansion,0.6492182396356784,0.0290356719833356,0.754978125,0.0291105545671502,2023-10-11 11:39:26.405154
10,128,512,3,4,11,5,1000,concatenating previous CA expansion,0.5214886443938442,0.0387236596681696,0.696812890625,0.0371569631527669,2023-10-11 11:39:56.242477
11,128,512,3,4,12,5,1000,concatenating previous CA expansion,0.6490554177135678,0.0292740540067223,0.75493671875,0.0295034409303965,2023-10-11 11:40:25.182249
12,128,512,3,4,13,5,1000,concatenating previous CA expansion,0.5209328812028895,0.0422618507876323,0.696037890625,0.0405167136868499,2023-10-11 11:40:54.495651
13,128,512,3,4,14,5,1000,concatenating previous CA expansion,0.5274571823963567,0.0352812110629463,0.698770703125,0.0338306269620915,2023-10-11 11:41:23.662019
14,128,512,3,4,15,5,1000,concatenating previous CA expansion,0.4999038316582914,0.0442496171922897,0.68724375,0.0407627803003242,2023-10-11 11:41:57.083910
15,128,512,3,4,16,5,1000,concatenating previous CA expansion,0.772207669205402,0.0200130007190937,0.830672265625,0.0198417950831773,2023-10-11 11:42:26.055700
16,128,512,3,4,17,5,1000,concatenating previous CA expansion,0.6122532977386934,0.0399771735060295,0.7378921875,0.0371907372540529,2023-10-11 11:42:55.376239
17,128,512,3,4,18,5,1000,concatenating previous CA expansion,0.6346760953203517,0.0265065781271554,0.748278125,0.024908491998369,2023-10-11 11:43:25.966514
18,128,512,3,4,19,5,1000,concatenating previous CA expansion,0.5311919244660804,0.0475103318437854,0.7002578125,0.0443949297785125,2023-10-11 11:44:01.388994
19,128,512,3,4,20,5,1000,concatenating previous CA expansion,0.6532044715766332,0.0267891959617522,0.7573859375,0.0256540646431485,2023-10-11 11:44:38.105001
20,128,512,3,4,21,5,1000,concatenating previous CA expansion,0.5282753022927136,0.0435747332849706,0.69916484375,0.0414914015279893,2023-10-11 11:45:10.804519
21,128,512,3,4,22,5,1000,concatenating previous CA expansion,0.5477389545383166,0.0239792243269547,0.707416015625,0.0219649544661701,2023-10-11 11:45:43.525037
22,128,512,3,4,23,5,1000,concatenating previous CA expansion,0.5001623331501256,0.0475392993388081,0.687635546875,0.0454774150607653,2023-10-11 11:46:21.479998
23,128,512,3,4,24,5,1000,concatenating previous CA expansion,0.6905970104428392,0.0206258187544503,0.778205078125,0.0204844844067384,2023-10-11 11:46:54.802483
24,128,512,3,4,25,5,1000,concatenating previous CA expansion,0.5215303529365578,0.0268059327224687,0.696554296875,0.0254135682368888,2023-10-11 11:47:25.364405
25,128,512,3,4,26,5,1000,concatenating previous CA expansion,0.5322300349403266,0.0261179715759872,0.701013671875,0.0245467363010035,2023-10-11 11:47:57.047425
26,128,512,3,4,27,5,1000,concatenating previous CA expansion,0.5034481332443468,0.0369319881824317,0.689124609375,0.035231706607574,2023-10-11 11:48:33.964206
27,128,512,3,4,28,5,1000,concatenating previous CA expansion,0.5170811243718593,0.0338542729736851,0.69451015625,0.0328206162860107,2023-10-11 11:49:05.665854
28,128,512,3,4,29,5,1000,concatenating previous CA expansion,0.4999504652167085,0.0383282497278277,0.687599609375,0.03683123556409,2023-10-11 11:49:42.367462
29,128,512,3,4,30,5,1000,concatenating previous CA expansion,0.500086406642588,0.0255738548952804,0.687201953125,0.0236893140145556,2023-10-11 11:50:19.897545
30,128,512,3,4,31,5,1000,concatenating previous CA expansion,0.5275615322707287,0.0431882272468665,0.698965234375,0.0412819733577539,2023-10-11 11:51:01.403838
31,128,512,3,4,32,5,1000,concatenating previous CA expansion,0.830811985709799,0.0177925542152944,0.88173046875,0.0172137898191108,2023-10-11 11:51:32.910185
32,128,512,3,4,33,5,1000,concatenating previous CA expansion,0.5873767980527638,0.0289221842332447,0.726415625,0.0283994009465181,2023-10-11 11:52:04.896965
33,128,512,3,4,34,5,1000,concatenating previous CA expansion,0.6476892980527639,0.0296309082271817,0.755203125,0.029625236928773,2023-10-11 11:52:40.570640
34,128,512,3,4,35,5,1000,concatenating previous CA expansion,0.535328515625,0.0338602691095033,0.702419921875,0.0334405047911549,2023-10-11 11:53:19.046418
35,128,512,3,4,36,5,1000,concatenating previous CA expansion,0.767341054883794,0.0189101873915603,0.835416796875,0.0177726567093265,2023-10-11 11:53:52.171603
36,128,512,3,4,37,5,1000,concatenating previous CA expansion,0.5192804962311558,0.0292651778034316,0.6954046875,0.0277359272893057,2023-10-11 11:54:24.518673
37,128,512,3,4,38,5,1000,concatenating previous CA expansion,0.5937899693781407,0.026865966912594,0.72890078125,0.026058721705577,2023-10-11 11:54:57.064639
38,128,512,3,4,39,5,1000,concatenating previous CA expansion,0.5036996623743718,0.0368563183352881,0.68864453125,0.0348978898599156,2023-10-11 11:55:29.318283
39,128,512,3,4,40,5,1000,concatenating previous CA expansion,0.7469062244817839,0.0279177919609875,0.819023046875,0.0262349356857101,2023-10-11 11:56:01.616248
40,128,512,3,4,41,5,1000,concatenating previous CA expansion,0.5455906878140704,0.0235678329654635,0.7064859375,0.022461518959865,2023-10-11 11:56:34.030795
41,128,512,3,4,42,5,1000,concatenating previous CA expansion,0.5421896062342965,0.038467132570005,0.704616015625,0.0363838733686023,2023-10-11 11:57:06.700800
42,128,512,3,4,43,5,1000,concatenating previous CA expansion,0.5001183986337939,0.038471903702571,0.687697265625,0.037089303731176,2023-10-11 11:57:41.217756
43,128,512,3,4,44,5,1000,concatenating previous CA expansion,0.6468023319723618,0.0230402724745091,0.75735859375,0.0222036203405117,2023-10-11 11:58:22.334647
44,128,512,3,4,45,5,1000,concatenating previous CA expansion,0.4999305610081658,0.0252353934687118,0.687844140625,0.0243632246916681,2023-10-11 11:59:05.915125
45,128,512,3,4,46,5,1000,concatenating previous CA expansion,0.5276595025910804,0.0365154231031015,0.698635546875,0.0356860384421017,2023-10-11 11:59:45.407557
46,128,512,3,4,47,5,1000,concatenating previous CA expansion,0.5209578223146984,0.0385311537273178,0.696008984375,0.0370445690524665,2023-10-11 12:00:19.427303
47,128,512,3,4,48,5,1000,concatenating previous CA expansion,0.6490854389133166,0.0291309514241683,0.75509375,0.0289005442003801,2023-10-11 12:00:53.513784
48,128,512,3,4,49,5,1000,concatenating previous CA expansion,0.5358368129711055,0.033904696285423,0.70238671875,0.0332638871870967,2023-10-11 12:01:27.397514
49,128,512,3,4,50,5,1000,concatenating previous CA expansion,0.515194427214196,0.0425769872161262,0.693589453125,0.0415942226487954,2023-10-11 12:02:01.180926
50,128,512,3,4,51,5,1000,concatenating previous CA expansion,0.4999235631281407,0.0442052666086856,0.6875359375,0.0412607843088003,2023-10-11 12:02:35.002385
51,128,512,3,4,52,5,1000,concatenating previous CA expansion,0.5924845654051507,0.0265341223997242,0.727887109375,0.0260838834470155,2023-10-11 12:03:08.993358
52,128,512,3,4,53,5,1000,concatenating previous CA expansion,0.503864576790201,0.0368983142363978,0.6891046875,0.035176761238778,2023-10-11 12:03:42.076274
53,128,512,3,4,54,5,1000,concatenating previous CA expansion,0.5145749195194723,0.0264352005736881,0.693588671875,0.0249821421540512,2023-10-11 12:04:15.473376
54,128,512,3,4,55,5,1000,concatenating previous CA expansion,0.529345866048995,0.0468590020092129,0.69883671875,0.0438356157187775,2023-10-11 12:04:49.453159
55,128,512,3,4,56,5,1000,concatenating previous CA expansion,0.5414981214667085,0.0323716523818736,0.704901953125,0.0309691766863855,2023-10-11 12:05:23.451595
56,128,512,3,4,57,5,1000,concatenating previous CA expansion,0.4999613948649497,0.0318294678282511,0.687002734375,0.0307976153924469,2023-10-11 12:05:57.189757
57,128,512,3,4,58,5,1000,concatenating previous CA expansion,0.5122564992933417,0.0361951225734445,0.691989453125,0.0349666020877946,2023-10-11 12:06:31.190076
58,128,512,3,4,59,5,1000,concatenating previous CA expansion,0.5352185556689698,0.0338747686728188,0.702180078125,0.0337877832105186,2023-10-11 12:07:05.043143
59,128,512,3,4,60,5,1000,concatenating previous CA expansion,0.4999146710113065,0.0220580555638557,0.68753828125,0.0206172688960831,2023-10-11 12:07:38.573656
60,128,512,3,4,61,5,1000,concatenating previous CA expansion,0.5209439541457287,0.0268266128032073,0.695728125,0.0250961830914925,2023-10-11 12:08:12.524928
61,128,512,3,4,62,5,1000,concatenating previous CA expansion,0.5152396278266331,0.0284986103255486,0.69361796875,0.0270775878458514,2023-10-11 12:08:46.197936
62,128,512,3,4,63,5,1000,concatenating previous CA expansion,0.6129107843907036,0.0410652890870918,0.73773984375,0.038169077931381,2023-10-11 12:09:20.199519
63,128,512,3,4,64,5,1000,concatenating previous CA expansion,0.8406124823335427,0.0124942321857395,0.891479296875,0.0117395130580275,2023-10-11 12:09:55.009172
64,128,512,3,4,65,5,1000,concatenating previous CA expansion,0.5705464608197236,0.0274001301484399,0.718849609375,0.0264488607035053,2023-10-11 12:10:29.535469
65,128,512,3,4,66,5,1000,concatenating previous CA expansion,0.6914376315169598,0.0206365987282695,0.778972265625,0.0202049981269561,2023-10-11 12:11:04.033778
66,128,512,3,4,67,5,1000,concatenating previous CA expansion,0.5211043596890703,0.0269280972525883,0.696484765625,0.0259396442278932,2023-10-11 12:11:38.573862
67,128,512,3,4,68,5,1000,concatenating previous CA expansion,0.6488113811243719,0.0291541476532275,0.754315625,0.0285218360530302,2023-10-11 12:12:13.145335
68,128,512,3,4,69,5,1000,concatenating previous CA expansion,0.5207500235552763,0.0422945740660749,0.69546484375,0.0415890861206469,2023-10-11 12:12:47.792503
69,128,512,3,4,70,5,1000,concatenating previous CA expansion,0.5165511404679648,0.0340403064222949,0.694641015625,0.0331552044794769,2023-10-11 12:13:22.408541
70,128,512,3,4,71,5,1000,concatenating previous CA expansion,0.4999995092650753,0.0382771230942881,0.68716328125,0.0358903540868503,2023-10-11 12:13:57.159830
71,128,512,3,4,72,5,1000,concatenating previous CA expansion,0.7288240146042714,0.030204503123409,0.80424765625,0.0284697622517452,2023-10-11 12:14:32.075016
72,128,512,3,4,73,5,1000,concatenating previous CA expansion,0.5181023496388191,0.0273468942398746,0.695025390625,0.0260692506824849,2023-10-11 12:15:07.302028
73,128,512,3,4,74,5,1000,concatenating previous CA expansion,0.5618969240734925,0.0281781032609958,0.713251953125,0.0262009207265264,2023-10-11 12:15:42.290710
74,128,512,3,4,75,5,1000,concatenating previous CA expansion,0.5001010953203517,0.0252455084448225,0.68800859375,0.023640800548237,2023-10-11 12:16:17.556292
75,128,512,3,4,76,5,1000,concatenating previous CA expansion,0.5425829989792713,0.0394065207051365,0.704958984375,0.0378718179303987,2023-10-11 12:16:52.812778
76,128,512,3,4,77,5,1000,concatenating previous CA expansion,0.5000890507223618,0.0476936006276676,0.6867796875,0.0454214907964487,2023-10-11 12:17:27.792035
77,128,512,3,4,78,5,1000,concatenating previous CA expansion,0.5071842199277639,0.0372063608178116,0.689962109375,0.036169928553107,2023-10-11 12:18:04.073756
78,128,512,3,4,79,5,1000,concatenating previous CA expansion,0.5209119621545226,0.0424473833910279,0.69633828125,0.040855685413901,2023-10-11 12:18:39.392675
79,128,512,3,4,80,5,1000,concatenating previous CA expansion,0.6491441151067839,0.029348247245063,0.75568671875,0.0291141034115092,2023-10-11 12:19:14.858285
80,128,512,3,4,81,5,1000,concatenating previous CA expansion,0.520855696451005,0.0386490791020923,0.69559921875,0.0366515368130292,2023-10-11 12:19:50.642618
81,128,512,3,4,82,5,1000,concatenating previous CA expansion,0.5327864674937186,0.0261084109535253,0.701246875,0.0246620626960881,2023-10-11 12:20:26.721774
82,128,512,3,4,83,5,1000,concatenating previous CA expansion,0.5031563520728644,0.0368800463858298,0.68866171875,0.0348387909079622,2023-10-11 12:21:02.861958
83,128,512,3,4,84,5,1000,concatenating previous CA expansion,0.5273136600973618,0.0353165218887444,0.698579296875,0.0349402767839916,2023-10-11 12:21:38.952982
84,128,512,3,4,85,5,1000,concatenating previous CA expansion,0.4998556689698492,0.044202298756402,0.686928125,0.0412475154318035,2023-10-11 12:22:14.919390
85,128,512,3,4,86,5,1000,concatenating previous CA expansion,0.4998633185458542,0.025639897266535,0.687345703125,0.0242479000952061,2023-10-11 12:22:51.184453
86,128,512,3,4,87,5,1000,concatenating previous CA expansion,0.528684706736809,0.0432358746778721,0.699360546875,0.04090042085501,2023-10-11 12:23:28.452019
87,128,512,3,4,88,5,1000,concatenating previous CA expansion,0.5612574081344222,0.0282807077737416,0.71325390625,0.026242253495656,2023-10-11 12:24:04.610668
88,128,512,3,4,89,5,1000,concatenating previous CA expansion,0.5000444488065326,0.0252004832254541,0.687684375,0.0239187799577647,2023-10-11 12:24:40.515944
89,128,512,3,4,90,5,1000,concatenating previous CA expansion,0.5000581736809045,0.022133861363797,0.6873828125,0.0203726573135569,2023-10-11 12:25:16.743984
90,128,512,3,4,91,5,1000,concatenating previous CA expansion,0.5194608903894472,0.0291342244000092,0.6954984375,0.0278601445841546,2023-10-11 12:25:53.129559
91,128,512,3,4,92,5,1000,concatenating previous CA expansion,0.5074624097047739,0.0375067067976446,0.6912234375,0.0362081793717658,2023-10-11 12:26:29.532852
92,128,512,3,4,93,5,1000,concatenating previous CA expansion,0.520582896906407,0.042330860248373,0.696106640625,0.041253536023795,2023-10-11 12:27:05.962244
93,128,512,3,4,94,5,1000,concatenating previous CA expansion,0.5183156485552763,0.0291236859121672,0.6951890625,0.0276500979209669,2023-10-11 12:27:42.184350
94,128,512,3,4,95,5,1000,concatenating previous CA expansion,0.6113794931689699,0.0395270807028943,0.737177734375,0.0369882983184398,2023-10-11 12:28:18.701023
95,128,512,3,4,96,5,1000,concatenating previous CA expansion,0.7489883381752512,0.0276767424201287,0.820464453125,0.0263915792242331,2023-10-11 12:28:56.563079
96,128,512,3,4,97,5,1000,concatenating previous CA expansion,0.5462390075376884,0.0235159517589115,0.70653828125,0.0226509872524519,2023-10-11 12:29:33.395427
97,128,512,3,4,98,5,1000,concatenating previous CA expansion,0.5424658684045226,0.0324708603973046,0.70513125,0.030802586949686,2023-10-11 12:30:10.347719
98,128,512,3,4,99,5,1000,concatenating previous CA expansion,0.5000230998743719,0.0318360652003073,0.6874359375,0.0308515444574523,2023-10-11 12:30:47.057958
99,128,512,3,4,100,5,1000,concatenating previous CA expansion,0.646758000942211,0.023364931880124,0.756753125,0.022136636571777,2023-10-11 12:31:23.968894
100,128,512,3,4,101,5,1000,concatenating previous CA expansion,0.5000188402952261,0.0252661064661201,0.68762890625,0.0240559393323787,2023-10-11 12:32:00.704807
101,128,512,3,4,102,5,1000,concatenating previous CA expansion,0.5000135953203517,0.022055628455842,0.687428125,0.020370283436065,2023-10-11 12:32:37.814265
102,128,512,3,4,103,5,1000,concatenating previous CA expansion,0.5217930943781407,0.0267934720159307,0.696609375,0.025425269633526,2023-10-11 12:33:19.138739
103,128,512,3,4,104,5,1000,concatenating previous CA expansion,0.643608040201005,0.030305696963467,0.75589921875,0.0276297807545752,2023-10-11 12:33:56.707530
104,128,512,3,4,105,5,1000,concatenating previous CA expansion,0.4999842434830402,0.0221070493701493,0.687540234375,0.0205632598309876,2023-10-11 12:34:34.592756
105,128,512,3,4,106,5,1000,concatenating previous CA expansion,0.5000330244974874,0.027116832970377,0.68769765625,0.0256918845458746,2023-10-11 12:35:12.533094
106,128,512,3,4,107,5,1000,concatenating previous CA expansion,0.5454797012405779,0.0236793271250985,0.706513671875,0.0221795876592449,2023-10-11 12:35:50.620365
107,128,512,3,4,108,5,1000,concatenating previous CA expansion,0.5609279012248743,0.0293619485090264,0.71359375,0.0285844631435177,2023-10-11 12:36:28.727086
108,128,512,3,4,109,5,1000,concatenating previous CA expansion,0.5185298386463568,0.0273580589568802,0.694973046875,0.0262798897415472,2023-10-11 12:37:07.061197
109,128,512,3,4,110,5,1000,concatenating previous CA expansion,0.5155760344692211,0.0248515216568187,0.694007421875,0.0231153733096796,2023-10-11 12:37:45.215152
110,128,512,3,4,111,5,1000,concatenating previous CA expansion,0.5714643765703518,0.0274031651351279,0.71849296875,0.0271399127690621,2023-10-11 12:38:23.474984
111,128,512,3,4,112,5,1000,concatenating previous CA expansion,0.5415648771199749,0.0385414914512147,0.704701953125,0.0365272968194109,2023-10-11 12:39:01.665526
112,128,512,3,4,113,5,1000,concatenating previous CA expansion,0.4998660882537688,0.0384768146245705,0.687678125,0.0374599437433361,2023-10-11 12:39:40.793558
113,128,512,3,4,114,5,1000,concatenating previous CA expansion,0.5113588508951005,0.0363319111631166,0.691716015625,0.0355433681112681,2023-10-11 12:40:19.606176
114,128,512,3,4,115,5,1000,concatenating previous CA expansion,0.5355024536746231,0.0337891541402061,0.70214453125,0.032755717004211,2023-10-11 12:40:58.329500
115,128,512,3,4,116,5,1000,concatenating previous CA expansion,0.5285451142430905,0.0362861387100668,0.699519921875,0.0342705501169176,2023-10-11 12:41:37.631344
116,128,512,3,4,117,5,1000,concatenating previous CA expansion,0.5198493149340452,0.0386420180529916,0.695769140625,0.0372578822026207,2023-10-11 12:42:16.621749
117,128,512,3,4,118,5,1000,concatenating previous CA expansion,0.5155737810144473,0.0284991500160075,0.693736328125,0.0273229658034524,2023-10-11 12:42:57.005218
118,128,512,3,4,119,5,1000,concatenating previous CA expansion,0.6144726189541457,0.0397110758381388,0.738313671875,0.0371323081091315,2023-10-11 12:43:35.989693
119,128,512,3,4,120,5,1000,concatenating previous CA expansion,0.4999205971262563,0.0270692551328218,0.687218359375,0.0252522224248924,2023-10-11 12:44:15.278162
120,128,512,3,4,121,5,1000,concatenating previous CA expansion,0.5462200671325377,0.0235406108341774,0.706823828125,0.022135940308987,2023-10-11 12:44:54.530626
121,128,512,3,4,122,5,1000,concatenating previous CA expansion,0.5328135599874372,0.0236608422065372,0.70100234375,0.0226937379913172,2023-10-11 12:45:33.984179
122,128,512,3,4,123,5,1000,concatenating previous CA expansion,0.5878923445351759,0.028936288274634,0.72653359375,0.0282655303234836,2023-10-11 12:46:13.537025
123,128,512,3,4,124,5,1000,concatenating previous CA expansion,0.5154708503454773,0.0248068390706209,0.6939765625,0.0233996882491252,2023-10-11 12:46:53.019140
124,128,512,3,4,125,5,1000,concatenating previous CA expansion,0.5710159076633166,0.0274096068395171,0.7189078125,0.0266386969610236,2023-10-11 12:47:32.856843
125,128,512,3,4,126,5,1000,concatenating previous CA expansion,0.5539212566739949,0.0282316462203863,0.711986328125,0.0258219841997371,2023-10-11 12:48:12.441109
126,128,512,3,4,127,5,1000,concatenating previous CA expansion,0.7304676448649497,0.0382761249161877,0.805370703125,0.0362981773381263,2023-10-11 12:48:53.896992
127,128,512,3,4,128,5,1000,concatenating previous CA expansion,0.830851374057789,0.0217816046378249,0.8813265625,0.0211565889236146,2023-10-11 12:49:33.523191
128,128,512,3,4,129,5,1000,concatenating previous CA expansion,0.554081719142588,0.0281597561518104,0.711732421875,0.026355650760242,2023-10-11 12:50:14.088598
129,128,512,3,4,130,5,1000,concatenating previous CA expansion,0.6939219437028894,0.0259442610291554,0.780394921875,0.0249172313923029,2023-10-11 12:50:54.345077
130,128,512,3,4,131,5,1000,concatenating previous CA expansion,0.5151348834013819,0.0285410263018412,0.693641015625,0.0272751795328387,2023-10-11 12:51:34.279001
131,128,512,3,4,132,5,1000,concatenating previous CA expansion,0.6946304608982412,0.0269256909234101,0.78098515625,0.0262020008400591,2023-10-11 12:52:15.808247
132,128,512,3,4,133,5,1000,concatenating previous CA expansion,0.5186611887562814,0.0291069163203791,0.69540078125,0.0275614905458394,2023-10-11 12:53:01.982952
133,128,512,3,4,134,5,1000,concatenating previous CA expansion,0.5694247683731156,0.0260722557573188,0.7170515625,0.0246154038250187,2023-10-11 12:53:47.367438
134,128,512,3,4,135,5,1000,concatenating previous CA expansion,0.5000999842964824,0.0256466022685596,0.68747109375,0.0236981422822936,2023-10-11 12:54:34.454709
135,128,512,3,4,136,5,1000,concatenating previous CA expansion,0.7482188010364321,0.032565674673165,0.8199546875,0.0309027606014894,2023-10-11 12:55:19.802181
136,128,512,3,4,137,5,1000,concatenating previous CA expansion,0.514690625,0.0248548751374218,0.69352265625,0.0232931599543552,2023-10-11 12:56:01.959523
137,128,512,3,4,138,5,1000,concatenating previous CA expansion,0.5428392116834171,0.0406376843278593,0.705075,0.0379056227083813,2023-10-11 12:56:43.915899
138,128,512,3,4,139,5,1000,concatenating previous CA expansion,0.5276281348146985,0.0364344206692546,0.698594140625,0.0350479194643984,2023-10-11 12:57:28.364340
139,128,512,3,4,140,5,1000,concatenating previous CA expansion,0.5837457698649497,0.0327089392589817,0.723592578125,0.0317724140762726,2023-10-11 12:58:10.228077
140,128,512,3,4,141,5,1000,concatenating previous CA expansion,0.5071845320351759,0.0372165916773079,0.6899390625,0.0352527808078667,2023-10-11 12:58:51.819576
141,128,512,3,4,142,5,1000,concatenating previous CA expansion,0.4999257321765075,0.0384812460839723,0.687669921875,0.0367143360358121,2023-10-11 12:59:33.415529
142,128,512,3,4,143,5,1000,concatenating previous CA expansion,0.527613840687814,0.0352392464031113,0.698604296875,0.0339372443280503,2023-10-11 13:00:18.989307
143,128,512,3,4,144,5,1000,concatenating previous CA expansion,0.6957494739321608,0.0259744554918809,0.78156640625,0.0249687423610556,2023-10-11 13:01:11.363910
144,128,512,3,4,145,5,1000,concatenating previous CA expansion,0.5151561125942211,0.0286751595531094,0.69373359375,0.0276730788200705,2023-10-11 13:02:02.327045
145,128,512,3,4,146,5,1000,concatenating previous CA expansion,0.5908465118561558,0.0244239360501374,0.727141796875,0.0237006892977241,2023-10-11 13:02:49.804458
146,128,512,3,4,147,5,1000,concatenating previous CA expansion,0.514681972361809,0.02648814620096,0.69300625,0.025074452077217,2023-10-11 13:03:38.471444
147,128,512,3,4,148,5,1000,concatenating previous CA expansion,0.5705171894629397,0.0262092403261223,0.717269921875,0.0248434382320011,2023-10-11 13:04:32.118458
148,128,512,3,4,149,5,1000,concatenating previous CA expansion,0.4999398221576633,0.0257211049983609,0.687279296875,0.0244318865404523,2023-10-11 13:05:20.527040
149,128,512,3,4,150,5,1000,concatenating previous CA expansion,0.5000185792242462,0.0220882793708245,0.687639453125,0.0208646322341272,2023-10-11 13:06:04.598114
150,128,512,3,4,151,5,1000,concatenating previous CA expansion,0.548925494660804,0.0240209330317217,0.70762109375,0.0218716162980083,2023-10-11 13:06:47.973205
151,128,512,3,4,152,5,1000,concatenating previous CA expansion,0.6112981371702262,0.0282498950211054,0.737442578125,0.0261007235693477,2023-10-11 13:07:36.321041
152,128,512,3,4,153,5,1000,concatenating previous CA expansion,0.499947161589196,0.0221224522338065,0.68743125,0.0204283020562733,2023-10-11 13:08:19.414540
153,128,512,3,4,154,5,1000,concatenating previous CA expansion,0.5000421914258794,0.0299470196408377,0.68783515625,0.0280312941902348,2023-10-11 13:09:05.824596
154,128,512,3,4,155,5,1000,concatenating previous CA expansion,0.5925466237437186,0.0266433668991166,0.7278515625,0.0258975537179521,2023-10-11 13:09:56.130638
155,128,512,3,4,156,5,1000,concatenating previous CA expansion,0.5001442721419598,0.0358792934609264,0.68778203125,0.0336018311410297,2023-10-11 13:10:47.275407
156,128,512,3,4,157,5,1000,concatenating previous CA expansion,0.5171245524497488,0.0339114666127525,0.69476484375,0.0325288249107348,2023-10-11 13:11:33.449953
157,128,512,3,4,158,5,1000,concatenating previous CA expansion,0.5698119641174623,0.0260892682670652,0.717241015625,0.0247526898118888,2023-10-11 13:12:21.706877
158,128,512,3,4,159,5,1000,concatenating previous CA expansion,0.6532752316268844,0.0264499610917483,0.75744765625,0.0251404673292717,2023-10-11 13:13:13.196298
159,128,512,3,4,160,5,1000,concatenating previous CA expansion,0.7492462802292713,0.0325536104109354,0.820355078125,0.0309820867133419,2023-10-11 13:14:06.309399
160,128,512,3,4,161,5,1000,concatenating previous CA expansion,0.5321458856783919,0.0237335230492952,0.70060859375,0.0225350361844608,2023-10-11 13:14:58.544982
161,128,512,3,4,162,5,1000,concatenating previous CA expansion,0.5587798190169598,0.0384265559764898,0.712299609375,0.0372365129486627,2023-10-11 13:15:46.336467
162,128,512,3,4,163,5,1000,concatenating previous CA expansion,0.5116606744660804,0.036288702781063,0.6924265625,0.0352619882443036,2023-10-11 13:16:31.704467
163,128,512,3,4,164,5,1000,concatenating previous CA expansion,0.6400177174937186,0.0322679355754521,0.7536046875,0.0294227349017993,2023-10-11 13:17:18.934751
164,128,512,3,4,165,5,1000,concatenating previous CA expansion,0.5000483629082915,0.0220822791855099,0.68713203125,0.0203049213476097,2023-10-11 13:18:05.626737
165,128,512,3,4,166,5,1000,concatenating previous CA expansion,0.5001195587311558,0.0301532183245652,0.68851015625,0.0288009129167612,2023-10-11 13:18:50.212984
166,128,512,3,4,167,5,1000,concatenating previous CA expansion,0.53292493522299,0.0262219721954324,0.701220703125,0.0247565643390749,2023-10-11 13:19:35.651140
167,128,512,3,4,168,5,1000,concatenating previous CA expansion,0.6146907192211055,0.0426412609733736,0.73985078125,0.0387696555728485,2023-10-11 13:20:20.110002
168,128,512,3,4,169,5,1000,concatenating previous CA expansion,0.5000088430433417,0.0270046662276981,0.687494140625,0.0252899590239941,2023-10-11 13:21:05.740631
169,128,512,3,4,170,5,1000,concatenating previous CA expansion,0.4999048994974874,0.0441099098107465,0.687228125,0.0413324733062198,2023-10-11 13:21:50.085025
170,128,512,3,4,171,5,1000,concatenating previous CA expansion,0.5415015507223618,0.0386825066764791,0.7046375,0.0369123214205805,2023-10-11 13:22:34.672127
171,128,512,3,4,172,5,1000,concatenating previous CA expansion,0.5184235631281408,0.0349597897282034,0.69466328125,0.0327148093656535,2023-10-11 13:23:22.874254
172,128,512,3,4,173,5,1000,concatenating previous CA expansion,0.5611839470791458,0.0282826314791136,0.7134828125,0.0262229030996313,2023-10-11 13:24:10.590759
173,128,512,3,4,174,5,1000,concatenating previous CA expansion,0.54115859375,0.0407042903398888,0.70405234375,0.0382215616539742,2023-10-11 13:25:00.970574
174,128,512,3,4,175,5,1000,concatenating previous CA expansion,0.648787747330402,0.0293780575859656,0.75529453125,0.0292329487037656,2023-10-11 13:25:47.207974
175,128,512,3,4,176,5,1000,concatenating previous CA expansion,0.5602512484296482,0.0380852576351765,0.7124625,0.0370146380857247,2023-10-11 13:26:36.336220
176,128,512,3,4,177,5,1000,concatenating previous CA expansion,0.5118169303548995,0.0363191490737527,0.692227734375,0.0354840240872365,2023-10-11 13:27:22.243765
177,128,512,3,4,178,5,1000,concatenating previous CA expansion,0.5002984865734924,0.0475082655919415,0.687656640625,0.0452049575770697,2023-10-11 13:28:09.155872
178,128,512,3,4,179,5,1000,concatenating previous CA expansion,0.515251849089196,0.0424455406724374,0.693953125,0.0411027526973179,2023-10-11 13:28:54.776819
179,128,512,3,4,180,5,1000,concatenating previous CA expansion,0.4998277383008794,0.0301321938221441,0.687808984375,0.0279942962259332,2023-10-11 13:29:40.067450
180,128,512,3,4,181,5,1000,concatenating previous CA expansion,0.5329920461683417,0.0261518849885553,0.70101015625,0.0248739455232489,2023-10-11 13:30:25.495858
181,128,512,3,4,182,5,1000,concatenating previous CA expansion,0.591905859375,0.024215080681283,0.727337890625,0.0231578194810931,2023-10-11 13:31:11.009839
182,128,512,3,4,183,5,1000,concatenating previous CA expansion,0.6338993659704774,0.0268081751497086,0.747655078125,0.0250171114260864,2023-10-11 13:31:56.741034
183,128,512,3,4,184,5,1000,concatenating previous CA expansion,0.5000888190954774,0.0384741632709825,0.6870984375,0.0371475609780924,2023-10-11 13:32:42.105887
184,128,512,3,4,185,5,1000,concatenating previous CA expansion,0.5414976601758794,0.0323526838948362,0.7046203125,0.0319544773934464,2023-10-11 13:33:27.892206
185,128,512,3,4,186,5,1000,concatenating previous CA expansion,0.558741139290201,0.0381116895970474,0.71214375,0.0370474282632137,2023-10-11 13:34:13.530567
186,128,512,3,4,187,5,1000,concatenating previous CA expansion,0.6486411981783919,0.0289283577261065,0.75434296875,0.0292322727209605,2023-10-11 13:34:59.231761
187,128,512,3,4,188,5,1000,concatenating previous CA expansion,0.6097569468435929,0.0273953635999579,0.737112109375,0.0252295580947041,2023-10-11 13:35:45.297398
188,128,512,3,4,189,5,1000,concatenating previous CA expansion,0.6908481253925879,0.0205692525141961,0.778740234375,0.0201324440593408,2023-10-11 13:36:32.274150
189,128,512,3,4,190,5,1000,concatenating previous CA expansion,0.6966181277481156,0.0252225751517171,0.782132421875,0.0248608858914631,2023-10-11 13:37:18.618124
190,128,512,3,4,191,5,1000,concatenating previous CA expansion,0.7722533369974874,0.0198610646755191,0.83111484375,0.0193172506134969,2023-10-11 13:38:08.707805
191,128,512,3,4,192,5,1000,concatenating previous CA expansion,0.7512502041457286,0.0332571102695338,0.821521875,0.0321135679668048,2023-10-11 13:38:57.325121
192,128,512,3,4,193,5,1000,concatenating previous CA expansion,0.515062668812814,0.0248796671486049,0.6937484375,0.0232384712890405,2023-10-11 13:39:46.176106
193,128,512,3,4,194,5,1000,concatenating previous CA expansion,0.6120292183574121,0.0271898982288536,0.737836328125,0.025316230190885,2023-10-11 13:40:35.999424
194,128,512,3,4,195,5,1000,concatenating previous CA expansion,0.5000924191268844,0.022079791475863,0.68751328125,0.0206561186733486,2023-10-11 13:41:26.765020
195,128,512,3,4,196,5,1000,concatenating previous CA expansion,0.5843344711840452,0.0326047498091882,0.723829296875,0.0318566530354469,2023-10-11 13:42:18.830432
196,128,512,3,4,197,5,1000,concatenating previous CA expansion,0.5076619150439698,0.0372912521698515,0.6900984375,0.0358050823333565,2023-10-11 13:43:10.349109
197,128,512,3,4,198,5,1000,concatenating previous CA expansion,0.4999096066268844,0.0358033848744248,0.68767734375,0.0341760575840354,2023-10-11 13:44:02.801061
198,128,512,3,4,199,5,1000,concatenating previous CA expansion,0.5169875510364321,0.0338017462238307,0.69439453125,0.0320241214914602,2023-10-11 13:44:55.057166
199,128,512,3,4,200,5,1000,concatenating previous CA expansion,0.5417264172424623,0.0455227147684028,0.70533515625,0.0421665475964781,2023-10-11 13:45:48.274697
200,128,512,3,4,201,5,1000,concatenating previous CA expansion,0.5591000687028894,0.0293484564850297,0.712505859375,0.0280548027374016,2023-10-11 13:46:41.527805
201,128,512,3,4,202,5,1000,concatenating previous CA expansion,0.5173415986180905,0.0350713423522302,0.69450234375,0.0329879713943411,2023-10-11 13:47:35.476868
202,128,512,3,4,203,5,1000,concatenating previous CA expansion,0.6480489537531408,0.0230473495501661,0.757226953125,0.0225030447667241,2023-10-11 13:48:30.604401
203,128,512,3,4,204,5,1000,concatenating previous CA expansion,0.4999762013190955,0.0442888426750511,0.6875234375,0.0406599841854967,2023-10-11 13:49:26.219185
204,128,512,3,4,205,5,1000,concatenating previous CA expansion,0.5418537590295226,0.0395777652428558,0.704686328125,0.0378054757466354,2023-10-11 13:50:20.261096
205,128,512,3,4,206,5,1000,concatenating previous CA expansion,0.5836036510678392,0.0323759677724903,0.7236890625,0.0319605958182664,2023-10-11 13:51:20.501421
206,128,512,3,4,207,5,1000,concatenating previous CA expansion,0.6478291025439699,0.0290454298924288,0.75517265625,0.0287894850185243,2023-10-11 13:52:14.430143
207,128,512,3,4,208,5,1000,concatenating previous CA expansion,0.5410598637719849,0.0407865684174674,0.704037890625,0.0376898341044122,2023-10-11 13:53:07.952762
208,128,512,3,4,209,5,1000,concatenating previous CA expansion,0.5289580480527638,0.0362875460696308,0.6993296875,0.0356270972861269,2023-10-11 13:53:59.914369
209,128,512,3,4,210,5,1000,concatenating previous CA expansion,0.5000157859610552,0.0300596733794112,0.68677109375,0.0281164756070444,2023-10-11 13:54:55.493270
210,128,512,3,4,211,5,1000,concatenating previous CA expansion,0.5937953007223619,0.0269192738090284,0.72890625,0.0257908362859393,2023-10-11 13:55:53.858770
211,128,512,3,4,212,5,1000,concatenating previous CA expansion,0.5001627453674623,0.0383165128205024,0.687226171875,0.0370126279963348,2023-10-11 13:56:47.201454
212,128,512,3,4,213,5,1000,concatenating previous CA expansion,0.5277296580559045,0.03524077597387,0.698888671875,0.0345998968023624,2023-10-11 13:57:38.447820
213,128,512,3,4,214,5,1000,concatenating previous CA expansion,0.569292988379397,0.026040217533054,0.7168359375,0.02453292938121,2023-10-11 13:58:28.978243
214,128,512,3,4,215,5,1000,concatenating previous CA expansion,0.6536550094221105,0.0265287611091359,0.7583546875,0.0248485508333106,2023-10-11 13:59:23.581955
215,128,512,3,4,216,5,1000,concatenating previous CA expansion,0.5178060988536433,0.0350472416070689,0.695298046875,0.03307464487544,2023-10-11 14:00:18.670038
216,128,512,3,4,217,5,1000,concatenating previous CA expansion,0.6477137091708542,0.0231689121121528,0.75724375,0.0217643338521385,2023-10-11 14:01:13.421419
217,128,512,3,4,218,5,1000,concatenating previous CA expansion,0.6401577437971105,0.0312938747445526,0.753869921875,0.0281648923654394,2023-10-11 14:02:06.822678
218,128,512,3,4,219,5,1000,concatenating previous CA expansion,0.7676094535175879,0.018792479173405,0.83531640625,0.0173576534045897,2023-10-11 14:02:58.448973
219,128,512,3,4,220,5,1000,concatenating previous CA expansion,0.5832088646356783,0.0328968370829587,0.72359140625,0.0309442039276157,2023-10-11 14:03:48.989919
220,128,512,3,4,221,5,1000,concatenating previous CA expansion,0.6488149576005026,0.0294357043539994,0.75482578125,0.0293887846957568,2023-10-11 14:04:40.154672
221,128,512,3,4,222,5,1000,concatenating previous CA expansion,0.6963182612280151,0.0265835143114307,0.781898046875,0.0248228671046018,2023-10-11 14:05:31.288872
222,128,512,3,4,223,5,1000,concatenating previous CA expansion,0.7723215628925879,0.0258517164174009,0.830833203125,0.0250588251736926,2023-10-11 14:06:22.068987
223,128,512,3,4,224,5,1000,concatenating previous CA expansion,0.6155724619189699,0.0426164387081661,0.740664453125,0.0391899927230481,2023-10-11 14:07:13.168933
224,128,512,3,4,225,5,1000,concatenating previous CA expansion,0.4999803980841708,0.0270307162693487,0.68760625,0.0254318655941253,2023-10-11 14:08:04.256407
225,128,512,3,4,226,5,1000,concatenating previous CA expansion,0.4999592042242462,0.0384718232978656,0.687435546875,0.0371427230402862,2023-10-11 14:08:58.522648
226,128,512,3,4,227,5,1000,concatenating previous CA expansion,0.540881008558417,0.0323807254352094,0.704262890625,0.031190713857668,2023-10-11 14:09:52.046546
227,128,512,3,4,228,5,1000,concatenating previous CA expansion,0.5165861985709799,0.0349317838284957,0.694439453125,0.0329458316348675,2023-10-11 14:10:43.724922
228,128,512,3,4,229,5,1000,concatenating previous CA expansion,0.5619526538944724,0.0279946960293345,0.7137234375,0.0262909911068203,2023-10-11 14:11:37.199038
229,128,512,3,4,230,5,1000,concatenating previous CA expansion,0.6102598932160804,0.0274509449436908,0.73705,0.0253921721163266,2023-10-11 14:12:28.945581
230,128,512,3,4,231,5,1000,concatenating previous CA expansion,0.6903063442211055,0.0205200973647696,0.778546875,0.0202898145557575,2023-10-11 14:13:23.841584
231,128,512,3,4,232,5,1000,concatenating previous CA expansion,0.5002864380496231,0.0477492251108796,0.687698828125,0.0451181613784907,2023-10-11 14:14:15.935207
232,128,512,3,4,233,5,1000,concatenating previous CA expansion,0.6450348834013819,0.0301233913496389,0.757099609375,0.0273598289081734,2023-10-11 14:15:11.364526
233,128,512,3,4,234,5,1000,concatenating previous CA expansion,0.6148081834956031,0.0422631254186412,0.739835546875,0.0384483013259027,2023-10-11 14:16:03.474706
234,128,512,3,4,235,5,1000,concatenating previous CA expansion,0.7501379926978643,0.0274504138068073,0.820663671875,0.025861489714207,2023-10-11 14:16:54.697157
235,128,512,3,4,236,5,1000,concatenating previous CA expansion,0.5413659233668342,0.045528941944048,0.7042734375,0.0419405321824377,2023-10-11 14:17:46.094243
236,128,512,3,4,237,5,1000,concatenating previous CA expansion,0.7285626707757538,0.0309580112303618,0.803810546875,0.028832822107917,2023-10-11 14:18:37.345273
237,128,512,3,4,238,5,1000,concatenating previous CA expansion,0.7474858648712311,0.03243094158692,0.819363671875,0.0311152979645951,2023-10-11 14:19:29.095646
238,128,512,3,4,239,5,1000,concatenating previous CA expansion,0.8409123292242462,0.0125183825260832,0.891753515625,0.0120353627748731,2023-10-11 14:20:19.990527
239,128,512,3,4,240,5,1000,concatenating previous CA expansion,0.5000442917713568,0.0442895540626736,0.6877953125,0.0412789694380939,2023-10-11 14:21:11.081341
240,128,512,3,4,241,5,1000,concatenating previous CA expansion,0.5424199140232412,0.038538603281438,0.704980859375,0.0360113943908099,2023-10-11 14:22:02.555504
241,128,512,3,4,242,5,1000,concatenating previous CA expansion,0.5588841433731155,0.0383965971435186,0.71254375,0.0370389987607551,2023-10-11 14:22:53.721166
242,128,512,3,4,243,5,1000,concatenating previous CA expansion,0.6477701672424623,0.0293967384524225,0.755096875,0.0292515526931637,2023-10-11 14:23:45.036089
243,128,512,3,4,244,5,1000,concatenating previous CA expansion,0.5422054903423367,0.0406154642117768,0.704970703125,0.0382924476906397,2023-10-11 14:24:35.965312
244,128,512,3,4,245,5,1000,concatenating previous CA expansion,0.6477282349246232,0.0294385713094452,0.75474609375,0.0295064832384441,2023-10-11 14:25:27.059331
245,128,512,3,4,246,5,1000,concatenating previous CA expansion,0.6956005692525126,0.0250976798922362,0.78186640625,0.0237997074269495,2023-10-11 14:26:18.456360
246,128,512,3,4,247,5,1000,concatenating previous CA expansion,0.7716967807788945,0.0203245262582005,0.831153125,0.0199461268439318,2023-10-11 14:27:09.907629
247,128,512,3,4,248,5,1000,concatenating previous CA expansion,0.6162965275596733,0.0416449786511252,0.740419140625,0.0382918537430591,2023-10-11 14:28:01.274777
248,128,512,3,4,249,5,1000,concatenating previous CA expansion,0.7501361769786432,0.0279174079898329,0.821059375,0.0264695186023294,2023-10-11 14:28:52.683543
249,128,512,3,4,250,5,1000,concatenating previous CA expansion,0.7514622212625628,0.0321722582801721,0.82183359375,0.0304820102455267,2023-10-11 14:29:44.162731
250,128,512,3,4,251,5,1000,concatenating previous CA expansion,0.8321103230998744,0.016564774831345,0.882751953125,0.0162896759429977,2023-10-11 14:30:36.052045
251,128,512,3,4,252,5,1000,concatenating previous CA expansion,0.7480058417085427,0.0330853331330945,0.81975625,0.0313206530989836,2023-10-11 14:31:27.282957
252,128,512,3,4,253,5,1000,concatenating previous CA expansion,0.8407649948963568,0.0125351316995339,0.891230859375,0.0122016982037909,2023-10-11 14:32:18.745998
253,128,512,3,4,254,5,1000,concatenating previous CA expansion,0.8302715157820352,0.021708655799696754,0.881647265625,0.020857973059015475,2023-10-11 14:33:10.286126
